(Do Not Modify) Facilitator,(Do Not Modify) Row Checksum,(Do Not Modify) Modified On,Name,Facilitator Borough,Facilitator Name,ID
a24e5943-3e40-e911-a976-001dd830804f,+lFcbXLunIvLdvVXE3K5FO8z4OrI2YG16gS527uOgcFVym2AtZjTxcaEzL5o21W79bMiEcBnXRfQGm0mnSR/qg==,5/4/2019 20:20,# acs.sm.DYQA104,Bronx (South),# acs.sm.DYQA104,FAC-001
1102c434-b641-e911-a976-001dd830804f,W3V9q5CYEFCIkg0GlcvYFRYqdaRWFzhifu+ll33tRCorcNovXDIAQRLqlUPMY3Q2VIEuc4AqiKTVU5F8/3GhZg==,5/4/2019 20:20,# acs.sm.DYQA104,Brooklyn (West),# acs.sm.DYQA104,FAC-003
bbf21257-b641-e911-a976-001dd830804f,EfNn9N4S7z2jMTRc73ewV4tRabWM/OAu28xtvPQx/EVAxPfMyBO0FSSvwtQDwilPDZ0PYCO6Jf4YoHrnuuqfkQ==,5/4/2019 20:20,# acs.sm.DYQA104,Manhattan (North),# acs.sm.DYQA104,FAC-004
7b4a2b5d-b641-e911-a976-001dd830804f,nlxoHjXlNvGI2Tsn91jytbr6feRM3bUe1w8lPayoiF0t/b3ov4uH7YdgdXEP0oZPiTaTKXn9mAUaZG3Ksc0YUA==,5/4/2019 20:20,# acs.sm.DYQA104,Manhattan (South),# acs.sm.DYQA104,FAC-005
31f43163-b641-e911-a976-001dd830804f,ofzJ6aOPKBSNDH8zbuF0pRyYfeqVjALKU+E46sZR8Wva2iPan1weVrPvgeI8UhnntHpNLx43BJuSrNRyqbmsZw==,5/4/2019 20:20,# acs.sm.DYQA104,Queens,# acs.sm.DYQA104,FAC-006
2806bd10-0c44-e911-a977-001dd8308076,to9BsIZwAg2Yuqm7lv/it/LUyQD6gjJc2N9J+EsBivuxkY4SCDE0oT0adn1FpCwed1HhyX8ygZEGOdBvtcugQg==,5/4/2019 20:20,# acs.sm.DYQA104,Bronx (North),# acs.sm.DYQA104,FAC-008
27471660-3e40-e911-a976-001dd830804f,0YUY0sXEzydOtbn+N8vIuvPWYx3pzB/I58kGx8z8doz5yM6Qhkv/WgIJ92nIle+dvMp5MMFcrDpj4gync5Hd3A==,5/4/2019 20:20,Jing Zhao,Staten Island,Jing Zhao,FAC-002
83116392-b641-e911-a976-001dd830804f,6huY2U0cnswoOEQBtuZAO47s34eDEfx5N/oYoucwoHUubkZyw6bV4pUCJpJnENwQt1EqfZlbossIwchtdIDEJA==,5/4/2019 20:20,Jing Zhao,Brooklyn (East),Jing Zhao,FAC-007
