Name,Conference Type
Boys Town,Preventive Planning 30-45 Days
Boys Town,Service Termination
Boys Town,Elevated Risk
BSFT,Preventive Planning 30-45 Days
BSFT,Service Termination
BSFT,Elevated Risk
CAC,Child Safety Conference
CPP,Preventive Planning 30-45 Days
CPP,Service Termination
CPP,Elevated Risk
DCP,Child Safety Conference
DCP,Follow Up Child Safety Conference
Family Connections,Preventive Planning 30-45 Days
Family Connections,Service Termination
Family Connections,Elevated Risk
Family Foster Care,Permanency Planning 12 Month
Family Foster Care,Trial Discharge
Family Foster Care,Final Discharge
Family Foster Care,Placement Preservation
FFT,Preventive Planning 30-45 Days
FFT,Service Termination
FFT,Elevated Risk
FFT-CW,Preventive Planning 30-45 Days
FFT-CW,Service Termination
FFT-CW,Elevated Risk
FSU,Child Safety Conference
FSU,Follow Up Child Safety Conference
FTR,Preventive Planning 30-45 Days
FTR,Service Termination
FTR,Elevated Risk
General Preventive,Preventive Planning 30-45 Days
General Preventive,Service Termination
General Preventive,Elevated Risk
MST CAN,Preventive Planning 30-45 Days
MST CAN,Service Termination
MST CAN,Elevated Risk
MST SA,Preventive Planning 30-45 Days
MST SA,Service Termination
MST SA,Elevated Risk
OSI,Child Safety Conference
OSI,Follow Up Child Safety Conference
Residential Setting Care,Permanency Planning 12 Month
Residential Setting Care,Trial Discharge
Residential Setting Care,Final Discharge
Residential Setting Care,Placement Preservation
Safe Care,Preventive Planning 30-45 Days
Safe Care,Service Termination
Safe Care,Elevated Risk
SFT,Preventive Planning 30-45 Days
SFT,Service Termination
SFT,Elevated Risk
Special Medical Foster Care,Permanency Planning 12 Month
Special Medical Foster Care,Trial Discharge
Special Medical Foster Care,Final Discharge
Special Medical Foster Care,Placement Preservation
Therapeutic Foster Care,Permanency Planning 12 Month
Therapeutic Foster Care,Trial Discharge
Therapeutic Foster Care,Final Discharge
Therapeutic Foster Care,Placement Preservation
TST,Preventive Planning 30-45 Days
TST,Service Termination
TST,Elevated Risk
