(Do Not Modify) Borough,(Do Not Modify) Row Checksum,(Do Not Modify) Modified On,Name,Borough Director,Borough ID Code,Borough Manager,Created On,Team Coordinator
7e0105dc-6388-e911-a988-001dd8308047,D2AmyE27aFiLLg/wgmizAm9SmX89nNPWcqNhXN2+VCYZxudEHv+iQ+ak9Q5rC3p0GQWP4MqFaWTGpB5KYRljqw==,6/6/2019 10:24,Bronx North,CCP Bronx North Directors,NBD,Surya Vinay Kumar Burlagadda,6/6/2019 10:03,CCP Bronx North Team Coordinators
873f3264-6288-e911-a988-001dd8308047,rlASCQ699cyU0xnumnmj1E9RWz659xW1cvnkw/Rf9vpoezAVgVI78fOTLYn9MwbPnG/rZk1qyNcoqpMwTVc36g==,6/6/2019 10:25,Bronx South,CCP Bronx South Directors,UBD,Surya Vinay Kumar Burlagadda,6/6/2019 9:53,CCP Bronx South Team Coordinators
670eb690-6288-e911-a988-001dd8308047,/Ypr4Hm7bSGxvhZQaEXYRE8aowWwOk+v+QaPMjzXhrRMgVwQZ0sNAGgOFTSLG8Lw7w7rTKYoQwFjxrN9VC9nsA==,6/6/2019 10:26,Brooklyn East,CCP Brooklyn East Directors,TBD,Surya Vinay Kumar Burlagadda,6/6/2019 9:54,CCP Brooklyn East Team Coordinators
ce5ee751-6288-e911-a988-001dd8308047,yaGsLK9xOBVP2DYVumiRNIH5X+ZaAJ0qhPhgadZsiWit52xnBVdtyi8qCIDQvCqLr5148Kw7FxM7Ewkdl0GOeA==,6/6/2019 10:26,Brooklyn West,CCP Brooklyn West Directors,WBD,Surya Vinay Kumar Burlagadda,6/6/2019 9:52,CCP Brooklyn West Team Coordinator
05156784-6288-e911-a988-001dd8308047,obezpjJRZfWg+A0u3Lazea4zpU6VLHDbLaPQM5R4V7NqRkVMJhoBQRYOVEhz3V1TON7P2WZ0sLp6uhfVdgwnwA==,6/6/2019 10:27,Manhattan,CCP Manhattan Directors,MBD,Surya Vinay Kumar Burlagadda,6/6/2019 9:53,CCP Manhattan Team Coordinators
e8a00c9e-6288-e911-a988-001dd8308047,qUulWvvmUHJeqR+KfSlAsHm3gwe6BwVDn86uENRA2OzFwzCBRASmAPcsTlFLgbME/CsFh62lbSR3aqIrRzmOWQ==,6/6/2019 10:28,Queens,CCP Queens Directors,QBD,Surya Vinay Kumar Burlagadda,6/6/2019 9:54,CCP Queens Team Coordinators
21b44cf4-6388-e911-a988-001dd8308047,ZGXiJ7RUcItP5XvWOH3pPF0p7vxJb61KqEj3hm0sdmhsOT8l3ZBw3JC64JjlaA+08IlTCpePl53zZABugrBRMw==,6/6/2019 10:28,Staten Island,CCP Staten Island Directors,SBD,Surya Vinay Kumar Burlagadda,6/6/2019 10:04,CCP Staten Island Team Coordinator
