(Do Not Modify) Team,(Do Not Modify) Row Checksum,(Do Not Modify) Modified On,Team Name,Team Type,Administrator,CCP Borough Lookup,CCP Discipline
5b69cb13-6688-e911-a988-001dd8308047,u6lCxKdWL12B/HJMja9drpNJBfGwC0EDqLm81wd0vCBdoHewhFqbXvBgzA3VsqBF4HFTUkptB7PDgfqDyTg6Jg==,6/6/2019 10:19,CCP Bronx North Team Coordinators,Owner,Manish Parmar,,
4407c6e4-6488-e911-a988-001dd8308047,QKP8mfOt0p4IKbNjRdiW1EvY4mNc+UszMLVJofWzRes+wswWOA8XnyAAw9ZSFvq0hXPUBUSf0esyHz+a4msUEA==,6/6/2019 10:11,CCP Bronx South Team Coordinators,Owner,Manish Parmar,,
6afdd6c6-6588-e911-a988-001dd8308047,HDAlo4p3dhPneyV1kpO/I8CTjSIQviSx8xk93eLYrp9wWcHAuojfbP4CR5sevbh2c0qUOmzZ5BKIMp2kkafbFA==,6/6/2019 10:17,CCP Brooklyn East Team Coordinators,Owner,Manish Parmar,,
63766a72-6688-e911-a988-001dd8308047,pkj/oW6Nes9ApUUIh1tIRDvLXyRPNlKJtpgCZnMDjsK6Qrqp7beQuYm92jovnBbEnhRWJp0vw91FYYiCEUVBfg==,6/6/2019 10:22,CCP Brooklyn West Team Coordinator,Owner,Manish Parmar,,
da3c3834-6588-e911-a988-001dd8308047,4rFrUW03Pe+qVnTxuk3TphtONfwAgQVgYVxsNL1z9fr0NP7Itd9buImxKqErC9TPbhaEaDMUisL2SsxFiR0cfw==,6/6/2019 10:13,CCP Manhattan Team Coordinators,Owner,Manish Parmar,,
40268ffa-6588-e911-a988-001dd8308047,IrKN765mJ0x+xCdAI+j0Xuab8YBFCfxr+nn/zTw/xV8ZN+lHMdeUNspAnFPdHTW6cVV04htwLjv3UWobul/FTw==,6/6/2019 10:18,CCP Queens Team Coordinators,Owner,Manish Parmar,,
f7133660-6688-e911-a988-001dd8308047,LxdBFpvvUiJgIqvQ4dqQo38rOR+463ndPtEkSaEZP2INT/4qr89eT5rUvRAzgdNaPIhoCtvnfU5e27hvUWkAyw==,6/6/2019 10:21,CCP Staten Island Team Coordinator,Owner,Manish Parmar,,
