(Do Not Modify) Team,(Do Not Modify) Row Checksum,(Do Not Modify) Modified On,Team Name,Team Type,Administrator,CCP Borough Lookup,CCP Discipline
0ec6e52f-d27b-e911-a985-001dd8308047,zcS03QcKsvk4c2nKOIxK/+qPi+u+JKYSvesgvF9gSml+oP4oyc3wbeuIld3hYBk30GhJniJ2YbqvIJDHrSKxuA==,6/20/2019 11:02,CCP ALL Consultants,Owner,Manish Parmar,,
aa8c0b8a-1b8d-e911-a996-001dd830804f,J1JoRUaf3EPwV5yUxcKEY4Dil3MXwfwsUeTCqA/GMugDjkgs9WM0LVDTL8+dI5MmkCRsz7Mun0bgITQ5+uyGgQ==,6/12/2019 10:08,CCP Bronx North DVMH Consultants Team,Owner,Manish Parmar,Bronx North,Domestic Violence
77d2bf2a-1c8d-e911-a996-001dd830804f,igLtIz+qNxUUAU6WRMkxvbFQhLv+N7ld1P8QeEuftFs2VMfhZ0+FkR7IQ0afv3Ddki9FZ00FxaXAwgtuqSxs0Q==,6/12/2019 10:12,CCP Bronx North Education Consultants Team,Owner,Manish Parmar,Bronx North,Education
c12bd0bb-1b8d-e911-a996-001dd830804f,JyXlwE/ykNIiuw0iTsafymnQ/DHhWpyBP8a/geyleepdNBnnHR4rxmGKkaa59p79mRcMqHYeMv5x9MorD1yZ4w==,6/12/2019 10:09,CCP Bronx North Medical Consultants Team,Owner,Manish Parmar,Bronx North,Medical
105a64ce-1b8d-e911-a996-001dd830804f,IUFLkIKEOxyDrMm2hpzjMH5HwnMSK5NHrcRy5lChwNJYzYmY+98RKF4RqOUA/jvIEkPQsRIDzAqd8GuFE6Z5Jw==,6/12/2019 10:12,CCP Bronx North Substance Use Consultants Team,Owner,Manish Parmar,Bronx North,Substance Use
e038d736-1c8d-e911-a996-001dd830804f,XWz8/ja+S6a/gTwWVx6qb9Rxp/JWGhSD4QTka3EP4m+QMpeqEFImAGrqKnzUv/9wnplxoPOYYqHyY33d0CMNwA==,6/12/2019 10:13,CCP Bronx South DVMH Consultants Team,Owner,Manish Parmar,Bronx South,Domestic Violence
98931c4e-1d8d-e911-a996-001dd830804f,41tCKS2cdFBfZZnJfdaYWgTmFwm9VaniDs9i8sCSd8TITkLltlTpigf+VsOONvI8MZOT7QUhEFIW9UOxV6oflw==,6/12/2019 10:21,CCP Bronx South Education Consultants Team,Owner,Manish Parmar,Bronx South,Education
b0412749-1c8d-e911-a996-001dd830804f,PwFbgdbJjjZ+5NlrGlC2BfZ4Hto9q0mIHlybt2/vJlan7pPmZG4SWrqFJSnhPW4jyYIXz8OOURgSiq6wpzNkXQ==,6/12/2019 10:13,CCP Bronx South Medical Consultants Team,Owner,Manish Parmar,Bronx South,Medical
60c53910-1d8d-e911-a996-001dd830804f,BtprwgtyKagggWdWguocU1BcNnfjEu2/2csjoyw/C5hyBT//n88u7PAeCxkzgnToWFD4f84ZvysiuIy+8sSzFg==,6/12/2019 10:19,CCP Bronx South Substance Use Consultants Team,Owner,Manish Parmar,Bronx South,Substance Use
de5538a4-1d8d-e911-a996-001dd830804f,ML6dlA/o80I64hnwJrAoAgEQV2vWX44kW1/V6m8Y4RzA4fICL5Ad9PenlRhSoFEZ8A5MXkPcFSQTsHTLOIBBMQ==,6/12/2019 10:23,CCP Brooklyn East DVMH Consultants Team,Owner,Manish Parmar,Brooklyn East,Domestic Violence
21d79edd-1d8d-e911-a996-001dd830804f,0Q+93QONBH8/SRnFEDqyrgIa2IYfSVPjGdp7BIG/G7Ep+LhSuf20stmQN8qIEvsrtpxA+f3X4uKV202Y6c2Vqg==,6/12/2019 10:25,CCP Brooklyn East Education Consultants Team,Owner,Manish Parmar,Brooklyn East,Education
776827b6-1d8d-e911-a996-001dd830804f,vbX1BFxtRq0v73msSe6Te3b1dRHkNWkpcgu+Pliknor6DinbmzsHGF1o2iz/nV4560oiV+sEjFRlmfLkME1l4Q==,6/12/2019 10:23,CCP Brooklyn East Medical Consultants Team,Owner,Manish Parmar,Brooklyn East,Medical
9718bbc2-1d8d-e911-a996-001dd830804f,ZSdALOlBz0KlVxuBv5lZ6ElcCwLnsbzJSEA9UfxwsTL//f1+TuY/gAgCxC6sY7qPs8QbXTigVmJB+4Y+vAAdtA==,6/12/2019 10:24,CCP Brooklyn East Substance Use Consultants Team,Owner,Manish Parmar,Brooklyn East,Substance Use
f01393f0-1d8d-e911-a996-001dd830804f,kmNFst7/TLTXK4BadnKeBI3vnNyCNFGN6eT+UlM4KAhJ9pKywhN6ipgqng+PpdYAyHD8qBzRUrEGWGGEUvC7Tg==,6/12/2019 10:25,CCP Brooklyn West DVMH Consultants Team,Owner,Manish Parmar,Brooklyn West,Domestic Violence
72dd1467-1e8d-e911-a996-001dd830804f,PuoZJ2LL9glSXNGmw5CkmcobGzSWUVuYsA5ckUNmhPvUcKjG0kdVp653NeGglJ5NEEr5ReUoDT6nmfrCYdXhPw==,6/12/2019 10:29,CCP Brooklyn West Education Consultants Team,Owner,Manish Parmar,Brooklyn West,Education
eeb0d909-1e8d-e911-a996-001dd830804f,WC42zishQJcuNdu8JAQRnMvxb4Z1UzUKYJ+FWON6aCNO6znjU18Edk/KtcYGxPw+rKiOkMvQl+qfNuj5rFlYCw==,6/12/2019 10:26,CCP Brooklyn West Medical Consultants Team,Owner,Manish Parmar,Brooklyn West,Medical
9fcebee8-e091-e911-a98a-001dd83080ab,iR07390M4ZuvdnHgIS79BqzoVN0XsAvyCLYcGkd/bJ1ik8wwM8qpqLeKYaw88nWFeoIHRNDnQLY5cVYwacSm7g==,6/18/2019 11:51,CCP Brooklyn West Substance Use Consultants Team,Owner,Manish Parmar,Brooklyn West,Substance Use
0c1f3fb7-6189-e911-a988-001dd8308047,ObbPB919kKoa8UGmgmincpnv6FuJGSgYgkrDUOrtqs/2AZdH33DAW8IeuMLX5A+VMl2BjqS6Wlf26oYYw7tLQA==,6/12/2019 10:06,CCP Manhattan DVMH Consultants Team,Owner,Manish Parmar,Manhattan,Domestic Violence
e439d4e7-188d-e911-a996-001dd830804f,WsEMhsCrF8sTohlvTdRd9anE/0yM1jMiWFKeYi3kkDXIosmkJDrIQV6RKcVZuUDgZhY3r7pCSpm+yBVqyLZLnQ==,6/12/2019 10:06,CCP Manhattan Education Consultants Team,Owner,Manish Parmar,Manhattan,Education
18a44190-188d-e911-a996-001dd830804f,wgvhaaNh0uqCQ0WfiZNOB/41QzeTSFdQBAsZyEbU+yU46Z7OERWgmt5kA8FouwXIck8MPURmLB4enj/TrhOH8g==,6/12/2019 10:07,CCP Manhattan Medical Consultants Team,Owner,Manish Parmar,Manhattan,Medical
15c489bc-188d-e911-a996-001dd830804f,scWU7u3q1+NKAf6yEi0BqTCinMLghgChCq5RarLt+x6IK+PYITuzSuq4466jyu/KVsC3hIbbdRhKFMeCv5e3Ig==,6/12/2019 10:07,CCP Manhattan Substance Use Consultants Team,Owner,Manish Parmar,Manhattan,Substance Use
5a197a79-1e8d-e911-a996-001dd830804f,zx1k1/NDaaOShSghm2mYhqmnFN1pbVOz4rkRjNOTY2eeXlzyX27oxyk7tNj95UFq+x18q75WNG/RSXfAvrgEBg==,6/12/2019 10:29,CCP Queens DVMH Consultants Team,Owner,Manish Parmar,Queens,Domestic Violence
9b898ac8-1e8d-e911-a996-001dd830804f,ODwthcLi5z7gSDDxNPYuuuYf6lV85Pi0WLrk865D/FFc4wBi5SSy4tlzsXxkw65MQ+p5sKcLC2RF71l560JLXw==,6/12/2019 10:31,CCP Queens Education Consultants Team,Owner,Manish Parmar,Queens,Education
b379a28b-1e8d-e911-a996-001dd830804f,ISqvst//ZCWNtuCEir3uX204JTqGsqkfJlba70GQ5rBK3revk2wVUbxUz0+b8ycvtIfSL/cxNak7ltbgBkErrA==,6/12/2019 10:29,CCP Queens Medical Consultants Team,Owner,Manish Parmar,Queens,Medical
a9c755b6-1e8d-e911-a996-001dd830804f,DnooatMvl+GeokOUOhVLMHCCeqr/Po2kzs+McwDD+ATUvRlZIEDDtIM1QrmeaOD+uQHk4Ioe5WkwnyqRw3+r1Q==,6/12/2019 10:31,CCP Queens Substance Use Consultants Team,Owner,Manish Parmar,Queens,Substance Use
b32fc2d4-1e8d-e911-a996-001dd830804f,fWo4CYy+exZ9+SgPlF34RjbyH6c+E9ydGmBcomTO61MZSMIW7DCZKlSZBP9tceicg1RM3M/ZV+24LlvM8yKlGw==,6/12/2019 10:32,CCP Staten Island DVMH Consultants Team,Owner,Manish Parmar,Staten Island,Domestic Violence
37988705-1f8d-e911-a996-001dd830804f,jdoo7e1YpQ+TOZXBkk0nhwTcg8LxxXTKbgRKeXUe0LhKaMTLk8u7lYFbFM0SFSbCEAv8BsBo4tAkF+/zU4kIZg==,6/12/2019 10:33,CCP Staten Island Education Consultants Team,Owner,Manish Parmar,Staten Island,Education
f56d5ee7-1e8d-e911-a996-001dd830804f,m2MBD3bWrmraOPgo8b87yXw5+GqA4rcotERBD8zRr4XhYEA6BMdq4oetfJNbrZrI1dozqetlsWaqR7KT5nhGSA==,6/12/2019 10:32,CCP Staten Island Medical Consultants Team,Owner,Manish Parmar,Staten Island,Medical
ca0999f3-1e8d-e911-a996-001dd830804f,x5FD/vXiRgPJkgpR1WR11ePQCcWWQFcqMoY+6NG1YwFOL5Q1G3CfFAyYXUfDaZHNyVY8mj1Ib4IQNuXSbb2bcw==,6/12/2019 10:32,CCP Staten Island Substance Use Consultants Team,Owner,Manish Parmar,Staten Island,Substance Use
