(Do Not Modify) Team,(Do Not Modify) Row Checksum,(Do Not Modify) Modified On,Team Name,Team Type,Administrator,CCP Borough Lookup,CCP Discipline
d337936e-d27b-e911-a985-001dd8308047,0TaiIBAujdBS9i084hwmuyCq63HpS0m7UKX1v0eWeoG/cKVgR4laeHwbwCQeC4+eEj74OYZb24SfPaykiSOI2w==,6/20/2019 11:03,CCP ALL Requestors Managers Directors,Owner,Manish Parmar,,
845d6726-6688-e911-a988-001dd8308047,W5B7tttxG7lq5qOum59fds4RPLPetQ2BcIdTYWwvsB+Fh7xcCMRkvLgrflNKubU0YC7sAundWxLtbVgp1xmo8A==,6/6/2019 10:19,CCP Bronx North Directors,Owner,Manish Parmar,,
8407cec5-6488-e911-a988-001dd8308047,XluB5wcqSf5d7D0CONXlTG9NS2EzIp+B2CVTcYxlOrJ9h6Hjyfv5IWXYP/IUiHwY7g4UilJU0a6eNRouE77WpQ==,6/6/2019 10:10,CCP Bronx South Directors,Owner,Manish Parmar,,
dfab08d3-6588-e911-a988-001dd8308047,3qTrmnKidA2wHf6eAoBAtxlJx3/q1U65wCNAbD8hW+uA5AJzwVw7d9Dtfc9wbz8F8G20YQAQoFHL35JZ2S6cwA==,6/6/2019 10:17,CCP Brooklyn East Directors,Owner,Manish Parmar,,
be1670a1-6488-e911-a988-001dd8308047,zpO4MoWTnjhOjQPTrcVy4nXbV7GG3sejegcs7KNWxh3bfgH9j4oJobFIkMILLcexlTGbKAsX8l0XjmQy+d3CJw==,6/6/2019 10:09,CCP Brooklyn West Directors,Owner,Manish Parmar,,
8fb43522-6588-e911-a988-001dd8308047,QyaWhTCLUxQrRAyV3XkbThcvKiPiOhF6LPUnZNb5EJUw1lGaKPSAY3Mx5F1SKJqlzvtbi2Sg+svPdLIQaeq+Xw==,6/6/2019 10:12,CCP Manhattan Directors,Owner,Manish Parmar,,
84a6e5e5-6588-e911-a988-001dd8308047,0H+IlRZq5IfMrmitBd9uZRGJX5C0VAKm8+SqocVug2CDpoKWaQWKLknPrMTZY1BxA8HTJpuIsmaJ8Tn7eYYVug==,6/6/2019 10:18,CCP Queens Directors,Owner,Manish Parmar,,
d4e3364b-6688-e911-a988-001dd8308047,s2KPAurjiC0ESzZm/oYtLQ1u9ORHZ3M3a1EFHo+JEm1uh3gHWCHIRkn034t4/+qKj2IMlUOT+1LZ+CD4DwxgCw==,6/6/2019 10:20,CCP Staten Island Directors,Owner,Manish Parmar,,
